"","name","img","condicion","bancada","partido","circuncripcion","representante_de","estado","suplente","estado_legal_principal","estado_legal_suplente"
"1","Addy Coromoto Valero Velandria","http://www.asambleanacional.gob.ve/avatares/addy-coromoto-valero-velandria-188.jpg","Principal","MUD","AD","2","Mp. Andres Bello, Mp. Caracciolo Parra, Mp. Justo Brice#o, Mp. Miranda, Mp. Pueblo Llano, Mp. Rangel","Mérida","Mildred Janet Carrero Paredes","no imposibilitado","no imposibilitado"
"2","Adriana María D'elia Briceno","http://www.asambleanacional.gob.ve/avatares/adriana-maria-d39elia-bricenacuteo-351.jpg","Principal","MUD","PJ","4","Mp. Plaza, Mp. Zamora, Pq. Caucaguita, Pq. Filas De Mariches, Pq. La Dolorita","Miranda","Manuel Jose Teixeira Abreu","exilio","no imposibilitado"
"3","Adolfo Ramon Superlano","http://www.asambleanacional.gob.ve/avatares/adolfo-ramon-superlano-292.jpg","Principal","CONCERTACION","CMC","1","Ce. Barinas, Mp. Alberto Arvelo T, Mp. Arismendi, Mp. Obispos, Pq. Dolores, Pq. Libertad, Pq. Palaci","Barinas","Sandra Lizbeth Flores Marquez","no imposibilitado",""
"4","Alfonso Jose Marquina Díaz","http://www.asambleanacional.gob.ve/avatares/alfonso-jose-marquina-diaz-91.jpg","Principal","MUD","PJ","3","Mp. Palavecino, Mp. Simon Planas, Pq. Catedral, Pq. Santa Rosa","Lara","Juan Bautista Vilera Del Corral","no imposibilitado",""
"5","Américo Giuseppe De Grazia Veltri","http://www.asambleanacional.gob.ve/avatares/americo-giuseppe-de-grazia-veltri-244.jpg","Principal","MUD","LCR","3","Mp. Blvno Angostura, Mp. El Callao, Mp. Gran Sabana, Mp. Piar, Mp. Roscio, Mp. Sifontes, Mp.padre Pe","Bolívar","Manuel Gonzalez Marrero","asilo","no imposibilitado"
"6","Amelia Geraldine Belisario Socorro","http://www.asambleanacional.gob.ve/avatares/amelia-geraldine-belisario-socorro-20.jpg","Principal","MUD","idependiente","2","Mp. Jose Angel Lamas, Mp. Libertador, Mp. Santiago Mariño, Mp.francisco Linares","Aragua","Jose Gregorio Hernandez Obregon","no imposibilitado","no imposibilitado"
"7","Andrés Eloy Camejo Espinoza","http://www.asambleanacional.gob.ve/avatares/andres-eloy-camejo-espinoza-289.jpg","Principal","MUD","AD","2","Mp. A Jose De Sucre, Mp. Andres E. Blanco, Mp. Bolivar, Mp. Cruz Paredes, Mp. Ezequiel Zamora, Mp. P","Barinas","Cesar Augusto Cadenas Roa","no imposibilitado",""
"8","Angel Antonio Medina Devis","http://www.asambleanacional.gob.ve/avatares/angel-antonio-medina-devis-255.jpg","Principal","MUD","PJ","lista","undefined","Bolívar","Rachid Yasbek Valdez","no imposibilitado",""
"9","Angel Luis Alvarez Gil","http://www.asambleanacional.gob.ve/avatares/angel-luis-alvarez-gil-74.jpg","Principal","MUD","VP","3","Naguanagua, Mp. San Diego, Pq. Candelaria, Pq. Catedral, Pq. El Socorro, Pq. San Blas, Pq. San Jose","Carabobo","María Concepción Mulino De Saavedra","no imposibilitado","no imposibilitado"
"10","Antonio Troconiz Avilio","http://www.asambleanacional.gob.ve/avatares/antonio-troconiz-avilio-198.jpg","Principal","MUD","PJ","2","Mp. Jesus E Lossada, Mp. La Ca#ada De U","Zulia","Dianela Parra De Avila","no imposibilitado",""
"11","Armando Armas Cuartin","http://www.asambleanacional.gob.ve/avatares/armando-armas-cuartin-175.jpg","Principal","MUD","VP","4","Mp. Guanta, Mp. L/diego Bautista, Mp. Sotillo","Anzoátegui","Jesús Omar González Moreno","no imposibilitado","no imposibilitado"
"12","Biagio Pilieri Gianninoto","http://www.asambleanacional.gob.ve/avatares/biagio-pilieri-gianninoto-269.jpg","Principal","16-J","Convergencia","lista","undefined","Yaracuy","Jesus Gabriel Pena Navas","no imposibilitado",""
"13","Bolivia Milagros Suárez Lucena","http://www.asambleanacional.gob.ve/avatares/bolivia-milagros-suarez-lucena-92.jpg","Principal","MUD","LCR","1","Pq. Juarez, Pq. La Concepcion, Pq. Union, Pq. El Cuji, Pq. Tamaca, Pq. Juan De Villegas, Pq. Aguedo","Lara","Daniel Armando Antequera Zubillaga","no imposibilitado","no imposibilitado"
"14","Carlos Alberto Lozano Parra","http://www.asambleanacional.gob.ve/avatares/carlos-alberto-lozano-parra-72.jpg","Principal","MUD","CAMINA","5","Libertador, Pq. Miguel Peña, Pq. Santa Rosa, Pq. Rafael Urdaneta, Pq. Negro Primero","Carabobo","Leandro Jose Dominguez Baez","no imposibilitado",""
"15","Carlos Alberto Paparoni Ramirez","http://www.asambleanacional.gob.ve/avatares/carlos-alberto-paparoni-ramirez-189.jpg","Principal","MUD","PJ","4","Mp. Aricagua, Mp. Arzobispo Chacon, Mp. Campo Elias, Mp. Guaraque, Mp. Padre Noguera, Mp. Rivas Davi","Mérida","Carmen Maria Sivoli Barrios","clandestinidad",""
"16","Carlos Andres Gonzalez Salinas","http://www.asambleanacional.gob.ve/avatares/carlos-andres-gonzalez-salinas-36.jpg","Principal","MUD","AD","lista","undefined","Trujillo","Emilio Antonio Fajardo Linares","no imposibilitado",""
"17","Carlos Andres Michelangeli Armas","http://www.asambleanacional.gob.ve/avatares/carlos-andres-michelangeli-armas-171.jpg","Principal","MUD","AD","3","Ce. Bolivar, Mp. Peñalver, Mp. Piritu","Anzoátegui","Yajaira Josefina Castro Briceno","no imposibilitado",""
"18","Carlos Eduardo Berrizbeitia Giliberti","http://www.asambleanacional.gob.ve/avatares/carlos-eduardo-berrizbeitia-giliberti-77.jpg","Principal","MUD","PRVZL","lista","undefined","Carabobo","Antonio Jose Ecarri Bolivar","no imposibilitado",""
"19","Carlos Modesto Prosperi Manuitt","http://www.asambleanacional.gob.ve/avatares/carlos-modesto-prosperi-manuitt-142.jpg","Principal","MUD","AD","lista","undefined","Guárico","Bibiana Geanine Lucas Freitas","no imposibilitado",""
"20","Chaim Jose Bucarán Paraguan","http://www.asambleanacional.gob.ve/avatares/chaim-jose-bucaran-paraguan-176.jpg","Principal","MUD","PROCIUDADANO","2","Mp. Anaco, Mp. Aragua, Mp. Bruzual, Mp. Cajigal, Mp. Carvajal, Mp. Libertad, Mp. Mc Gregor, Mp. Sant","Anzoátegui","Tatiana Montiel De Elneser","no imposibilitado",""
"21","Conrado Antonio Perez Linares","http://www.asambleanacional.gob.ve/avatares/conrado-antonio-perez-linares-37.jpg","Principal","MUD","PJ","2","Mp. Escuque, Mp. Motatan, Mp. Rafael Rangel, Mp. Urdaneta, Mp. Valera, Mp.s Rafael Carvajal","Trujillo","Joaquin Eduardo Aguilar Villasmil","no imposibilitado",""
"22","D'lsa Jenniffer Solórzano Bernal","http://www.asambleanacional.gob.ve/avatares/d39lsa-jenniffer-solorzano-bernal-114.jpg","Principal","MUD","EC","1","Mp.guaicaipuro, Mp. Carrizal, Mp. Los Salias","Miranda","Jeesús Mark Yánez Morales","no imposibilitado",""
"23","Dennis Yuramis Fernández Solórzano","http://www.asambleanacional.gob.ve/avatares/dennis-yuramis-fernandez-solorzano-352.jpg","Principal","MUD","AD","lista","undefined","Cojedes","Jose Gregorio Correa","no imposibilitado",""
"24","Dinorah Jaxilda Figuera Tovar","http://www.asambleanacional.gob.ve/avatares/dinorah-jaxilda-figuera-tovar-19.jpg","Principal","MUD","PJ","lista","undefined","Aragua","Gilberto Sojo Rengifo","exilio","no imposibilitado"
"25","Elias Matta Wehbe","http://www.asambleanacional.gob.ve/avatares/elias-matta-wehbe-200.jpg","Principal","MUD","UNT","6","Pq. Bolivar, Pq. Raul Leoni, Pq. Chiquinquira, Pq. Santa Lucia, Pq.caracciolo Parra Perez","Zulia","Rafael Arturo Ramírez Colina","no imposibilitado",""
"26","Edgar José Zambrano Ramírez","http://www.asambleanacional.gob.ve/avatares/edgar-jose-zambrano-ramirez-99.jpg","Principal","MUD","AD","lista","undefined","Lara","Guillermo Antonio Palacios Castillo","no imposibilitado","no imposibilitado"
"27","Eliezer Ramón Sirit","http://www.asambleanacional.gob.ve/avatares/eliezer-ramon-sirit-229.jpg","Principal","MUD","AD","3","Miranda, Mp. Falcon","Falcón","Julio Cesar Moreno Rangel","no imposibilitado",""
"28","Elimar Carolina Diaz Garcia","http://www.asambleanacional.gob.ve/avatares/elimar-carolina-diaz-garcia-208.jpg","Principal","MUD","PJ","4","Pq. Venancio Pulgar, Pq. Antonio Borjas Romero, Pq. Idelfonzo Vasquez","Zulia","Jairo Antonio Bao Barrientos","no imposibilitado",""
"29","Enrique Márquez","http://www.asambleanacional.gob.ve/avatares/enrique-marquez-334.jpg","Principal","MUD","UNT","lista","undefined","Zulia","Marianela Fernandez Alvarado","no imposibilitado",""
"30","Ezequiel Eligio Pérez Roa","http://www.asambleanacional.gob.ve/avatares/ezequiel-eligio-perez-roa-4.jpg","Principal","MUD","AD","lista","undefined","Tachira","Eduardo Jose Marín Carvajal","no imposibilitado",""
"31","Francisco Jose Sucre Giffuni","http://www.asambleanacional.gob.ve/avatares/francisco-jose-sucre-giffuni-243.jpg","Principal","MUD","VP","2","Pq. Simon Bolivar, Pq. Pozo Verde, Pq. Once De Abril, Pq. Vista Al Sol, Pq. Chirica, Pq. Dalla Costa","Bolívar","Ligia Marina Delfin Valencia","no imposibilitado","no imposibilitado"
"32","Franklyn Leonardo Duarte","http://www.asambleanacional.gob.ve/avatares/franklyn-leonardo-duarte-11.jpg","Principal","MUD","COPEI","1","Mp. Bolivar, Mp. Independencia, Mp. Junin, Mp. Libertad, Mp. Rafael Urdaneta, Mp.pedro María Ureña","Tachira","undefined","no imposibilitado",""
"33","Freddy Alejandro Guevara Cortez","http://www.asambleanacional.gob.ve/avatares/freddy-alejandro-guevara-cortez-113.jpg","Principal","MUD","VP","2","Mp. Baruta, Mp. Chacao, Mp. El Hatillo, Pq. Leoncio Martinez","Miranda","Juan Andres Mejia Szilard","asilo","exilio"
"34","Freddy Francisco Superlano Salinas","http://www.asambleanacional.gob.ve/avatares/freddy-francisco-superlano-salinas-291.jpg","Principal","MUD","VP","1","Ce. Barinas, Mp. Alberto Arvelo T, Mp. Arismendi, Mp. Obispos, Pq. Dolores, Pq. Libertad, Pq. Palaci","Barinas","Linconl Marcotulio Perez","exilio",""
"35","Freddy Segundo Paz Mendoza","http://www.asambleanacional.gob.ve/avatares/freddy-segundo-paz-mendoza-199.jpg","Principal","MUD","UNT","12","Mp. Catatumbo, Mp. Colon, Mp. Sucre, Pq. Simon Rodriguez, Pq. Carlos Quevedo, Pq. Francisco J Pulgar","Zulia","Gilmar Daligio Marquez Criollo","no imposibilitado","no imposibilitado"
"36","Freddy Rafael Valera Medina","http://www.asambleanacional.gob.ve/avatares/freddy-rafael-valera-medina-245.jpg","Principal","MUD","AD","2","Pq. Simon Bolivar, Pq. Pozo Verde, Pq. Once De Abril, Pq. Vista Al Sol, Pq. Chirica, Pq. Dalla Costa","Bolívar","Jose Ricardo Salazar Gamboa","no imposibilitado",""
"37","Gaby Andreina Arellano","http://www.asambleanacional.gob.ve/avatares/gaby-andreina-arellano-7.jpg","Principal","MUD","VP","2","Mp. Andres Bello, Mp. Ayacucho, Mp. Guasimos, Mp. Jose Maria Varga, Mp. Lobatera, Mp. Michelena, Mp.","Tachira","Renzo David Prieto Ramirez","exilio","no imposibilitado"
"38","Gian Luis Lippa Preziosi","http://www.asambleanacional.gob.ve/avatares/gian-luis-lippa-preziosi-278.jpg","Principal","MUD","PJ","lista","undefined","Apure","Julio César Montoya Medero","no imposibilitado",""
"39","Gladys Guaipo De García","http://www.asambleanacional.gob.ve/avatares/gladys-guaipo-de-garcia-318.jpg","Principal","MUD","AD","Occidental","","Representación Indígena","Yulibert Guacarán De Robles","no imposibilitado","no imposibilitado"
"40","Goncalves Ylidio De Abreu","http://www.asambleanacional.gob.ve/avatares/goncalves-ylidio-de-abreu-71.jpg","Principal","MUD","UNT","1","Puerto Cabello, Juan José Mora, Montalbán Y Bejuma","Carabobo","Yolanda Tortolero Martínez","no imposibilitado",""
"41","Gregorio Segundo Graterol Roque","http://www.asambleanacional.gob.ve/avatares/gregorio-segundo-graterol-roque-230.jpg","Principal","MUD","PJ","lista","undefined","Falcón","Mabelly Josefina Soto Rosa De Leon","no imposibilitado",""
"42","Héctor Enrique Cordero Rodríguez","http://www.asambleanacional.gob.ve/avatares/hector-enrique-cordero-rodriguez-179.jpg","Principal","MUD","UNT","1","Mp. Freites, Mp. Guanipa, Mp. Independencia, Mp. Miranda, Mp. Monagas, Mp. Simon Rodriguez","Anzoátegui","undefined","no imposibilitado",""
"43","Henry Lisandro Ramos Allup","http://www.asambleanacional.gob.ve/avatares/henry-lisandro-ramos-allup-53.jpg","Principal","MUD","AD","3","Pq. El Recreo, Pq. Candelaria, Pq. San Pedro, Pq. San Bernardino, Pq. San Agustin, Pq. San Jose","Distrito Capital","Ramón José López Colina","no imposibilitado","exilio"
"44","Hernan Claret Aleman Perez","http://www.asambleanacional.gob.ve/avatares/hernan-claret-aleman-perez-202.jpg","Principal","MUD","AD","10","Mp. Cabimas, Mp. Miranda, Mp. Santa Rita","Zulia","Hector Ramon Vargas Torres","no imposibilitado","no imposibilitado"
"45","Ismael Garcia","http://www.asambleanacional.gob.ve/avatares/ismael-garcia-26.jpg","Principal","MUD","VP","1","Ce. Girardot, Mp. Mario B Iragorry, Mp.ocumare D L Costa","Aragua","Guillermo Antonio Luces Osorio","exilio","no imposibilitado"
"46","Iván Stalin González Montano","http://www.asambleanacional.gob.ve/avatares/ivan-stalin-gonzalez-montanacuteo-60.jpg","Principal","MUD","UNT","5","Pq. Antimano, Pq. La Vega, Pq. Macarao, Pq. Caricuao, Pq. El Paraiso","Distrito Capital","Ivlev Jesus Silva Malave","no imposibilitado",""
"47","Jesus Alexis Paparoni Duran","http://www.asambleanacional.gob.ve/avatares/jesus-alexis-paparoni-duran-187.jpg","Principal","MUD","UNT","1","Mp. Alberto Adriani, Mp. Antonio Pinto S., Mp. Tovar, Mp. Zea","Mérida","Mary Mora Morales","no imposibilitado",""
"48","Jony Rahal Khouri","http://www.asambleanacional.gob.ve/avatares/jony-rahal-khouri-162.jpg","Principal","MUD","PJ","2","Mp. Arismendi, Mp. Garcia, Mp. Maneiro, Mp. Mariño","Nueva Esparta","Antonio Alberto Aranguren Castillo","no imposibilitado",""
"49","Jesus Antonio Abreu","http://www.asambleanacional.gob.ve/avatares/jesus-antonio-abreu-58.jpg","Principal","MUD","VP","1","Dirección Pq. Sucre, Pq. El Junquito, Pq. La Pastora","Distrito Capital","Nafir Coromoto Morales Alvarez","no imposibilitado",""
"50","Jorge Alberto Millan Torrealba","http://www.asambleanacional.gob.ve/avatares/jorge-alberto-millan-torrealba-57.jpg","Principal","MUD","PJ","2","Pq. 23 De Enero, Pq. Catedral, Pq. San Juan, Pq. Santa Teresa, Pq. Altagracia","Distrito Capital","Auristela Vásquez De Castillo","no imposibilitado",""
"51","José Gregorio Noriega Figueroa","http://www.asambleanacional.gob.ve/avatares/jose-gregorio-noriega-figueroa-133.jpg","Principal","MUD","idependiente","3","Sucre, Mp. Bolivar, Mp. Mejia, Mp. Montes","Sucre","Jose Leonardo Regnault Hernandez","no imposibilitado","no imposibilitado"
"52","José Manuel Olivares Marquina","http://www.asambleanacional.gob.ve/avatares/jose-manuel-olivares-marquina-311.jpg","Principal","MUD","PJ","lista","undefined","Vargas","Ana Mercedes Aponte Merchan","exilio","no imposibilitado"
"53","Jose Brito Rodriguez","http://www.asambleanacional.gob.ve/avatares/jose-brito-rodriguez-172.jpg","Principal","MUD","PJ","1","Mp. Freites, Mp. Guanipa, Mp. Independencia, Mp. Miranda, Mp. Monagas, Mp. Simon Rodriguez","Anzoátegui","Marco Aurelio Quinonez Gómez","no imposibilitado","no imposibilitado"
"54","Jose Angel Guerra Brito","http://www.asambleanacional.gob.ve/avatares/jose-angel-guerra-brito-54.jpg","Principal","MUD","PJ","4","Pq. El Valle, Pq. Coche, Pq. Santa Rosalia","Distrito Capital","Rosalio Ismael León Luque","asilo","no imposibilitado"
"55","Jose Antonio Espana Marquez","http://www.asambleanacional.gob.ve/avatares/jose-antonio-espanacutea-marquez-45.jpg","Principal","CONCERTACION","CMC","1","Tucupita, Mp. Pedernales","Delta Amacuro","Larissa González Martínez","no imposibilitado",""
"56","Jose Benilde Trujillo Vera","http://www.asambleanacional.gob.ve/avatares/jose-benilde-trujillo-vera-23.jpg","Principal","MUD","AD","1","Ce. Girardot, Mp. Mario B Iragorry, Mp.ocumare D L Costa","Aragua","Adriana Pichardo Bello","no imposibilitado","no imposibilitado"
"57","Jose Gregorio Aparicio Figueroa","http://www.asambleanacional.gob.ve/avatares/jose-gregorio-aparicio-figueroa-257.jpg","Principal","CONCERTACION","CMC","lista","undefined","Monagas","Dignora Antonia Hernandez Castro","no imposibilitado","no imposibilitado"
"58","Jose Leonardo Prat Quevedo","http://www.asambleanacional.gob.ve/avatares/jose-leonardo-prat-quevedo-242.jpg","Principal","MUD","LCR","2","Pq. Simon Bolivar, Pq. Pozo Verde, Pq. Once De Abril, Pq. Vista Al Sol, Pq. Chirica, Pq. Dalla Costa","Bolívar","Jose Rafael Hernandez","no imposibilitado","no imposibilitado"
"59","Jose Luis Pirela Romero","http://www.asambleanacional.gob.ve/avatares/jose-luis-pirela-romero-209.jpg","Principal","16-J","idependiente","9","Pq. Marcial Hernandez, Pq. Francisco Ochoa, Pq. San Francisco, Pq. El Bajo, Pq. Domitila Flores, Pq.","Zulia","Mary Grace Alvarez Marquez","no imposibilitado","no imposibilitado"
"60","Jose Simón Calzadilla Peraza","http://www.asambleanacional.gob.ve/avatares/jose-simon-calzadilla-peraza-18.jpg","Principal","MUD","MPV","4","Mp. Camatagua, Mp. San Casimiro, Mp. San Sebastian, Mp. Sucre, Mp. Urdaneta, Mp. Zamora","Aragua","Liz Carolina Jaramillo De Miranda","exilio","no imposibilitado"
"61","Juan Carlos Velazco Quintero","http://www.asambleanacional.gob.ve/avatares/juan-carlos-velazco-quintero-204.jpg","Principal","MUD","AD","11","Mp. Baralt, Mp. Simon Bolivar, Mp.valmore Rodriguez, Pq. Eleazar Lopez C, Pq. Alonso De Ojeda, Pq. V","Zulia","Angel Rafael Caridad Gonsalez","no imposibilitado",""
"62","Juan Carlos Requesens Martinez","http://www.asambleanacional.gob.ve/avatares/juan-carlos-requesens-martinez-8.jpg","Principal","MUD","PJ","4","Mp. Cardenas, Mp. Cordoba, Mp. Fernandez Feo, Mp. Libertador, Mp. Torbes","Tachira","Karin De Los Angeles Vera Suarez","detenido","no imposibilitado"
"63","Juan Gerardo Guaido Marquez","http://www.asambleanacional.gob.ve/avatares/juan-gerardo-guaido-marquez-312.jpg","Principal","MUD","VP","1","Municipio Vargas","Vargas","César Leonardo Alonso Cardozo","no imposibilitado",""
"64","Juan Javiel Garcia Manaure","http://www.asambleanacional.gob.ve/avatares/juan-javiel-garcia-manaure-231.jpg","Principal","MUD","PJ","4","Mp. Acosta, Mp. Cacique Manaure, Mp. Colina, Mp. Jacura, Mp. Mons. Iturriza, Mp. Palma Sola, Mp. Pir","Falcón","Ricardo Ernesto Aponte Villarroel","no imposibilitado","no imposibilitado"
"65","Juan Miguel Matheus Fernandez","http://www.asambleanacional.gob.ve/avatares/juan-miguel-matheus-fernandez-80.jpg","Principal","MUD","PJ","lista","undefined","Carabobo","Deyalitza Aray","no imposibilitado","no imposibilitado"
"66","Juan Pablo Guanipa Villalobos","http://www.asambleanacional.gob.ve/avatares/juan-pablo-guanipa-villalobos-227.jpg","Principal","MUD","PJ","7","Pq. Cacique Mara, Pq. Cecilio Acosta, Pq. Cristo De Aranza","Zulia","José Alberto Sánchez Montiel","no imposibilitado",""
"67","Juan Pablo García Canales","http://www.asambleanacional.gob.ve/avatares/juan-pablo-garcia-canales-258.jpg","Principal","16-J","VV","1","Mp. Libertador, Mp. Sotillo, Mp. Uracoa, Pq. El Furrial, Pq. San Simon, Pq. Jusepin, Pq. El Corozo,","Monagas","Carlos Alberto Bastardo Campos","no imposibilitado","no imposibilitado"
"68","Julio Andres Borges Junyent","http://www.asambleanacional.gob.ve/avatares/julio-andres-borges-junyent-111.jpg","Principal","MUD","PJ","lista","undefined","Miranda","Manuela Bolivar Rivas","exilio","no imposibilitado"
"69","Julio Cesar Reyes","http://www.asambleanacional.gob.ve/avatares/julio-cesar-reyes-288.jpg","Principal","CONCERTACION","AP","lista","undefined","Barinas","Pablo Francisco Moronta Meza","no imposibilitado",""
"70","Karin Arieta Salanova Rueda","http://www.asambleanacional.gob.ve/avatares/karin-arieta-salanova-rueda-21.jpg","Principal","MUD","VP","3","Mp. Bolivar, Mp. Jose Felix Rivas, Mp. Jose R Revenga, Mp. Santos Michelena, Mp. Tovar","Aragua","Freddy Omar Castellanos Navarro","no imposibilitado",""
"71","Luis Florido Barreto","http://www.asambleanacional.gob.ve/avatares/luis-florido-barreto-94.jpg","Principal","MUD","idependiente","1","Pq. Juarez, Pq. La Concepcion, Pq. Union, Pq. El Cuji, Pq. Tamaca, Pq. Juan De Villegas, Pq. Aguedo","Lara","Angel Eduardo Torres Morillo","exilio","no imposibilitado"
"72","Luis Stefanelli Barjacoba","http://www.asambleanacional.gob.ve/avatares/luis-stefanelli-barjacoba-228.jpg","Principal","MUD","VP","2","Mp. Carirubana, Mp. Los Taques","Falcón","Kerrins Jose Marvarez Medina","no imposibilitado",""
"73","Luis Alberto Silva Alacayo","http://www.asambleanacional.gob.ve/avatares/luis-alberto-silva-alacayo-240.jpg","Principal","MUD","AD","1","Ce. Heres, Mp. Cede#o, Mp. Sucre","Bolívar","Antonio Gustavo Geara Perez","no imposibilitado",""
"74","Luis Aquiles Moreno Cirimele","http://www.asambleanacional.gob.ve/avatares/luis-aquiles-moreno-cirimele-110.jpg","Principal","MUD","AD","lista","undefined","Miranda","Franco Manuel Casella Lovaton","no imposibilitado","exilio"
"75","Luis Carlos Padilla Villalba","http://www.asambleanacional.gob.ve/avatares/luis-carlos-padilla-villalba-174.jpg","Principal","MUD","AD","lista","undefined","Anzoátegui","Eudoro Antonio González Dellan","no imposibilitado",""
"76","Luis Eduardo Parra Rivero","http://www.asambleanacional.gob.ve/avatares/luis-eduardo-parra-rivero-268.jpg","Principal","MUD","PJ","2","Mp. Aristides Bastid, Mp. Bolivar, Mp. Cocorote, Mp. Independencia, Mp. La Trinidad, Mp. Sucre","Yaracuy","Ramón Eduardo Flores Carrillo","no imposibilitado","no imposibilitado"
"77","Luis Emilio Rondon Hernandez","http://www.asambleanacional.gob.ve/avatares/luis-emilio-rondon-hernandez-164.jpg","Principal","MUD","UNT","1","Mp. Diaz, Mp. Gomez, Mp. Marcano, Mp. Tubores, Mp.antolin Del Campo, Mp.penin. De Macanao, Mp.villal","Nueva Esparta","Yanet Fermín","no imposibilitado","no imposibilitado"
"78","María Beatriz Martinez Riera","http://www.asambleanacional.gob.ve/avatares/maria-beatriz-martinez-riera-300.jpg","Principal","MUD","PJ","lista","undefined","Portuguesa","Wilfredo Galindez Rojas","no imposibilitado",""
"79","Marco Antonio Bozo Tamayo","http://www.asambleanacional.gob.ve/avatares/marco-antonio-bozo-tamayo-76.jpg","Principal","MUD","PJ","5","Libertador, Pq. Miguel Peña, Pq. Santa Rosa, Pq. Rafael Urdaneta, Pq. Negro Primero","Carabobo","Daniel Eduardo Arias Betancourt","no imposibilitado",""
"80","Maria Hernández Del Castillo","http://www.asambleanacional.gob.ve/avatares/maria-hernandez-del-castillo-256.jpg","Principal","MUD","PJ","1","Mp. Libertador, Mp. Sotillo, Mp. Uracoa, Pq. El Furrial, Pq. San Simon, Pq. Jusepin, Pq. El Corozo,","Monagas","Aquiles Antonio Arvelo Liscano","no imposibilitado",""
"81","Maria Teresa Perez Gonzalez","http://www.asambleanacional.gob.ve/avatares/maria-teresa-perez-gonzalez-93.jpg","Principal","CONCERTACION","AP","1","Pq. Juarez, Pq. La Concepcion, Pq. Union, Pq. El Cuji, Pq. Tamaca, Pq. Juan De Villegas, Pq. Aguedo","Lara","Oneiber Rafael Peraza Perez","no imposibilitado","no imposibilitado"
"82","Marialbert Juliana Barrios Slother","http://www.asambleanacional.gob.ve/avatares/marialbert-juliana-barrios-slother-56.jpg","Principal","MUD","PJ","1","Dirección Pq. Sucre, Pq. El Junquito, Pq. La Pastora","Distrito Capital","Fátima Suárez Valente","no imposibilitado",""
"83","Maribel Guédez","http://www.asambleanacional.gob.ve/avatares/maribel-guedez-290.jpg","Principal","CONCERTACION","CMC","1","Ce. Barinas, Mp. Alberto Arvelo T, Mp. Arismendi, Mp. Obispos, Pq. Dolores, Pq. Libertad, Pq. Palaci","Barinas","Alejandra Coromoto Pena Rodriguez","no imposibilitado",""
"84","Mariela Magallanes","http://www.asambleanacional.gob.ve/avatares/mariela-magallanes-24.jpg","Principal","MUD","LCR","4","Mp. Camatagua, Mp. San Casimiro, Mp. San Sebastian, Mp. Sucre, Mp. Urdaneta, Mp. Zamora","Aragua","Arnoldo Eleuterio Benitez Castillo","asilo","no imposibilitado"
"85","Mauglimar Baloa","http://www.asambleanacional.gob.ve/avatares/mauglimar-baloa-440.jpg","Principal","MUD","MPV","lista","undefined","Amazonas","undefined","exilio",""
"86","Melva Matucha Paredes Fischer","http://www.asambleanacional.gob.ve/avatares/melva-matucha-paredes-fischer-22.jpg","Principal","CONCERTACION","CMC","2","Mp. Jose Angel Lamas, Mp. Libertador, Mp. Santiago Mariño, Mp.francisco Linares","Aragua","Luis Alberto Barragan Jimenez","no imposibilitado","no imposibilitado"
"87","Miguel Alejandro Pizarro Rodriguez","http://www.asambleanacional.gob.ve/avatares/miguel-alejandro-pizarro-rodriguez-112.jpg","Principal","MUD","PJ","3","Pq. Petare","Miranda","Angel Daniel Alvarado Rangel","exilio",""
"88","Milagro Valero","http://www.asambleanacional.gob.ve/avatares/milagro-valero-191.jpg","Principal","MUD","PJ","lista","undefined","Mérida","Luis Williams Loaiza Rincon","exilio","no imposibilitado"
"89","Milagros De Jesús Paz Fuenmayor","http://www.asambleanacional.gob.ve/avatares/milagros-de-jesus-paz-fuenmayor-131.jpg","Principal","MUD","PJ","3","Sucre, Mp. Bolivar, Mp. Mejia, Mp. Montes","Sucre","Juan Carlos Bolivar Diaz","no imposibilitado",""
"90","Milagros Susana Sanchez Eulate","http://www.asambleanacional.gob.ve/avatares/milagros-susana-sanchez-eulate-310.jpg","Principal","MUD","AD","1","Municipio Vargas","Vargas","Winston Eduardo Flores Gomez","no imposibilitado","exilio"
"91","Nora Cecilia Bracho Parra","http://www.asambleanacional.gob.ve/avatares/nora-cecilia-bracho-parra-207.jpg","Principal","MUD","UNT","5","Pq. Coquivacoa, Pq. Olegario Villalobos, Pq. Juana De Avila","Zulia","Desiree Virginia Barboza Acosta","no imposibilitado","no imposibilitado"
"92","Olivia Yaneth Lozano Uzeche","http://www.asambleanacional.gob.ve/avatares/olivia-yaneth-lozano-uzeche-241.jpg","Principal","MUD","VP","1","Ce. Heres, Mp. Cede#o, Mp. Sucre","Bolívar","Angel Ernesto Alvarez Medina","no imposibilitado","no imposibilitado"
"93","Omar Barboza","http://www.asambleanacional.gob.ve/avatares/omar-barboza-340.jpg","Principal","MUD","UNT","12","Mp. Catatumbo, Mp. Colon, Mp. Sucre, Pq. Simon Rodriguez, Pq. Carlos Quevedo, Pq. Francisco J Pulgar","Zulia","Liz María Márquez Socorro","no imposibilitado",""
"94","Orlando Jose Avila Guerra","http://www.asambleanacional.gob.ve/avatares/orlando-jose-avila-guerra-161.jpg","Principal","MUD","UNT","1","Mp. Diaz, Mp. Gomez, Mp. Marcano, Mp. Tubores, Mp.antolin Del Campo, Mp.penin. De Macanao, Mp.villal","Nueva Esparta","Magalvi Jose Estaba Mata","no imposibilitado",""
"95","Pierre Aoueiss Maroun","http://www.asambleanacional.gob.ve/avatares/pierre-aoueiss-maroun-259.jpg","Principal","MUD","AD","1","Mp. Libertador, Mp. Sotillo, Mp. Uracoa, Pq. El Furrial, Pq. San Simon, Pq. Jusepin, Pq. El Corozo,","Monagas","Jose Antonio Mendoza Rivas","no imposibilitado",""
"96","Rafael David Guzmán Reverón","http://www.asambleanacional.gob.ve/avatares/rafael-david-guzman-reveron-109.jpg","Principal","MUD","PJ","4","Mp. Plaza, Mp. Zamora, Pq. Caucaguita, Pq. Filas De Mariches, Pq. La Dolorita","Miranda","Gilber Alexander Caro Alfonzo","exilio","no imposibilitado"
"97","Richard Eloy Arteaga Blakma","http://www.asambleanacional.gob.ve/avatares/richard-eloy-arteaga-blakma-177.jpg","Principal","MUD","VP","3","Ce. Bolivar, Mp. Peñalver, Mp. Piritu","Anzoátegui","Oneida Guaipe De Ávila","no imposibilitado",""
"98","Richard Jose Blanco Cabrera","http://www.asambleanacional.gob.ve/avatares/richard-jose-blanco-cabrera-59.jpg","Principal","MUD","","5","Pq. Antimano, Pq. La Vega, Pq. Macarao, Pq. Caricuao, Pq. El Paraiso","Distrito Capital","Rafael Antonio Veloz García","exilio","no imposibilitado"
"99","Robert Jose Alcala Arellan","http://www.asambleanacional.gob.ve/avatares/robert-jose-alcala-arellan-132.jpg","Principal","MUD","AD","lista","undefined","Sucre","Denncis Emilio Pazos Bravo","no imposibilitado",""
"100","Romel Edgardo Guzamana","http://www.asambleanacional.gob.ve/avatares/romel-edgardo-guzamana-320.jpg","Principal","MUD","idependiente","Occidental","","Representación Indígena","undefined","desinrcorporado",""
"101","Romny Oscar Flores Figueredo","http://www.asambleanacional.gob.ve/avatares/romny-oscar-flores-figueredo-73.jpg","Principal","MUD","AD","5","Libertador, Pq. Miguel Peña, Pq. Santa Rosa, Pq. Rafael Urdaneta, Pq. Negro Primero","Carabobo","Antonio Jose Roman Pinto","no imposibilitado",""
"102","Sergio Vergara Gonzalez","http://www.asambleanacional.gob.ve/avatares/sergio-vergara-gonzalez-6.jpg","Principal","MUD","VP","5","Mp. San Cristobal","Tachira","Rosmit Eliecer Mantilla Flores","exilio","exilio"
"103","Sonia Andreina Medina Guerrero","http://www.asambleanacional.gob.ve/avatares/sonia-andreina-medina-guerrero-5.jpg","Principal","MUD","VP","lista","undefined","Tachira","Carlos Enrique Valero","exilio","no imposibilitado"
"104","Teodoro Felipe Campos Rodríguez","http://www.asambleanacional.gob.ve/avatares/teodoro-felipe-campos-rodriguez-95.jpg","Principal","MUD","idependiente","3","Mp. Palavecino, Mp. Simon Planas, Pq. Catedral, Pq. Santa Rosa","Lara","Macario Bonifacio Gonzalez Arias","no imposibilitado","no imposibilitado"
"105","Timoteo Zambrano Guedez","http://www.asambleanacional.gob.ve/avatares/timoteo-zambrano-guedez-206.jpg","Principal","CONCERTACION","CMC","lista","undefined","Zulia","Edwin Rafael Luzardo Anez","no imposibilitado",""
"106","Tobias Rafael Bolivar Parra","http://www.asambleanacional.gob.ve/avatares/tobias-rafael-bolivar-parra-163.jpg","Principal","MUD","AD","lista","undefined","Nueva Esparta","Oscar Adolfo Ronderos Rangel","no imposibilitado",""
"107","Tomas Ignacio Guanipa Villalobos","http://www.asambleanacional.gob.ve/avatares/tomas-ignacio-guanipa-villalobos-55.jpg","Principal","MUD","PJ","lista","undefined","Distrito Capital","Tamara Adrian Hernandez","no imposibilitado","no imposibilitado"
"108","Virgilio Ferrer Brujes","http://www.asambleanacional.gob.ve/avatares/virgilio-ferrer-brujes-319.jpg","Principal","MUD","UNT","Occidental","","Representación Indígena","Ricardo Fernández","no imposibilitado",""
"109","William Barrientos","http://www.asambleanacional.gob.ve/avatares/william-barrientos-205.jpg","Principal","MUD","UNT","8","Pq. Francisco Eugenio B, Pq. Manuel Dagnino, Pq. Luis Hurtado Higuera, Pq. San Isidro","Zulia","Yorman Enrique Barillas Gil","no imposibilitado",""
"110","Williams Alexander Gil Linares","http://www.asambleanacional.gob.ve/avatares/williams-alexander-gil-linares-75.jpg","Principal","MUD","CC","2","Guacara, Diego Ibarra Y Mariara","Carabobo","Armando Rafael Lopez Acosta","no imposibilitado",""
"111","Williams Daniel Davila Barrios","http://www.asambleanacional.gob.ve/avatares/williams-daniel-davila-barrios-190.jpg","Principal","MUD","AD","3","Mp. Libertador, Mp. Santos Marquina","Mérida","Lawrence Augusto Castro Rivas","no imposibilitado","no imposibilitado"
"112","Julio Ygarza","","Principal","MUD","MPV","","","Amazonas","","desinrcorporado",""
"113","Nirma Guarulla","","Principal","MUD","MPV","","","Amazonas","","desinrcorporado",""
"114","Jesus Antonio Montilla Aponte","http://www.asambleanacional.gob.ve/avatares/jesus-antonio-montilla-aponte-232.jpg","Principal","PSUV","","1","Mp. Bolivar, Mp. Buchivacoa, Mp. Dabajuro, Mp. Democracia, Mp. Federacion, Mp. Mauroa, Mp. Petit, Mp","Falcón","Eduardo Segundo Linarez Carrera","",""
"115","Yull Jabour Tannous","http://www.asambleanacional.gob.ve/avatares/yull-jabour-tannous-272.jpg","Principal","PSUV","","lista","undefined","Yaracuy","Jose Alvarez Braulio","",""
"116","Yolmar Jose Gudino Paradas","http://www.asambleanacional.gob.ve/avatares/yolmar-jose-gudinacuteo-paradas-38.jpg","Principal","PSUV","","1","Mp. Trujillo, Mp. Bocono, Mp. Juan V Campo Eli, Mp. Pampan, Mp. Pampanito","Trujillo","undefined","",""
"117","Willian Rafael Gil Calderon","http://www.asambleanacional.gob.ve/avatares/willian-rafael-gil-calderon-107.jpg","Principal","PSUV","","lista","undefined","Lara","undefined","",""
"118","Buenaventura Domingo Santana","http://www.asambleanacional.gob.ve/avatares/buenaventura-domingo-santana-279.jpg","Principal","PSUV","","1","Mp. Muñoz, Mp. Paez, Mp. Romulo Gallegos","Apure","Jesmar Hortencia Bona Calzadilla","",""
"119","Arkiely Evony Perfecto Gamero","http://www.asambleanacional.gob.ve/avatares/arkiely-evony-perfecto-gamero-124.jpg","Principal","PSUV","","5","Mp. Acevedo, Mp. Andres Bello, Mp. Brion, Mp. Buroz, Mp. Paez, Mp. Pedro Gual","Miranda","undefined","",""
"120","Carlos Gómez","http://www.asambleanacional.gob.ve/avatares/carlos-gomez-47.jpg","Principal","PSUV","","1","Tucupita, Mp. Pedernales","Delta Amacuro","Angel Raul Parica Pinto","",""
"121","Carlos Alberto Martínez González","http://www.asambleanacional.gob.ve/avatares/carlos-alberto-martinez-gonzalez-141.jpg","Principal","PSUV","","lista","undefined","Sucre","undefined","",""
"122","Tania Valentina Diaz Gonzalez","http://www.asambleanacional.gob.ve/avatares/tania-valentina-diaz-gonzalez-61.jpg","Principal","PSUV","","lista","undefined","Distrito Capital","Ilenia Rosa Medina Carrasco","",""
"123","Sol Elena Mussett De Primera","http://www.asambleanacional.gob.ve/avatares/sol-elena-mussett-de-primera-239.jpg","Principal","PSUV","","lista","undefined","Falcón","undefined","",""
"124","Sergio Enrique Fuenmayor Villalobos","http://www.asambleanacional.gob.ve/avatares/sergio-enrique-fuenmayor-villalobos-210.jpg","Principal","PSUV","","3","Mp. Almirante P, Mp. Blvno Guajira, Mp. Mara","Zulia","Yosmary Mayedis Fernandez Fernandez","",""
"125","Carmen Moreno De Granados","http://www.asambleanacional.gob.ve/avatares/carmen-moreno-de-granados-273.jpg","Principal","PSUV","","1","Mp. Bruzual, Mp. Pe#a, Mp. Urachiche, Mp.jose Antonio Paez","Yaracuy","undefined","",""
"126","Cesar Macario Sandoval","http://www.asambleanacional.gob.ve/avatares/cesar-macario-sandoval-10.jpg","Principal","PSUV","","3","Mp. Antonio Romulo C, Mp. Fco De Miranda, Mp. Garcia De Hevia, Mp. Jauregui, Mp. Panamericano, Mp. S","Tachira","undefined","",""
"127","Carolina Vegas Alvarez","http://www.asambleanacional.gob.ve/avatares/carolina-vegas-alvarez-303.jpg","Principal","PSUV","","lista","undefined","Portuguesa","Ruben Arbey Becerra Cortes","",""
"128","Christopher Constant Campos","http://www.asambleanacional.gob.ve/avatares/christopher-constant-campos-143.jpg","Principal","PSUV","","1","Mp. Roscio, Mp. Camaguan, Mp. Mellado, Mp. Miranda, Mp. Ortiz, Mp.san Geronimo De G","Guárico","Raiza Carrillo","",""
"129","Cilia Flores De Maduro","http://www.asambleanacional.gob.ve/avatares/cilia-flores-de-maduro-156.jpg","Principal","PSUV","","lista","undefined","Cojedes","Asdrubal Coromoto Salazar","",""
"130","Dairene Danessa Delgado Jimenez","http://www.asambleanacional.gob.ve/avatares/dairene-danessa-delgado-jimenez-284.jpg","Principal","PSUV","","2","Mp. Achaguas, Mp. Biruaca, Mp. Pedro Camejo","Apure","undefined","",""
"131","Saul Antonio Ortega Campos","http://www.asambleanacional.gob.ve/avatares/saul-antonio-ortega-campos-79.jpg","Principal","PSUV","","lista","undefined","Carabobo","Hector Enrique Brena Betancourt","",""
"132","Dario Vivas Velasco","http://www.asambleanacional.gob.ve/avatares/dario-vivas-velasco-313.jpg","Principal","PSUV","","lista","undefined","Vargas","Ares Di Fazio Vásquez","",""
"133","Ruben Dario Limardo Gascon","http://www.asambleanacional.gob.ve/avatares/ruben-dario-limardo-gascon-254.jpg","Principal","PSUV","","lista","undefined","Bolívar","undefined","",""
"134","Dinorah Elena Villasmil Blanco","http://www.asambleanacional.gob.ve/avatares/dinorah-elena-villasmil-blanco-165.jpg","Principal","PSUV","","lista","undefined","Nueva Esparta","Dante Rafael Rivas Quijada","",""
"135","Diosdado Cabello Rondon","http://www.asambleanacional.gob.ve/avatares/diosdado-cabello-rondon-261.jpg","Principal","PSUV","","lista","undefined","Monagas","Euribes Rafael Guevara Brazon","",""
"136","Earle Jose Herrera Silva","http://www.asambleanacional.gob.ve/avatares/earle-jose-herrera-silva-178.jpg","Principal","PSUV","","lista","undefined","Anzoátegui","Angel Luis Rodriguez Gamboa","",""
"137","Roque Valero Pérez","http://www.asambleanacional.gob.ve/avatares/roque-valero-perez-35.jpg","Principal","PSUV","","lista","undefined","Aragua","Didalco Antonio Bolívar Graterol","",""
"138","Roger Rafael Cordero Lara","http://www.asambleanacional.gob.ve/avatares/roger-rafael-cordero-lara-146.jpg","Principal","PSUV","","3","Mp. El Socorro, Mp. Infante, Mp. Las Mercedes, Mp. S Maria De Ipire","Guárico","Rafael Morales Frang","",""
"139","Pedro Rafael Santaella Hernandez","http://www.asambleanacional.gob.ve/avatares/pedro-rafael-santaella-hernandez-49.jpg","Principal","PSUV","","2","Mp. Antonio Diaz, Mp. Casacoima","Delta Amacuro","undefined","",""
"140","Elio Jose Serrano Carpio","http://www.asambleanacional.gob.ve/avatares/elio-jose-serrano-carpio-117.jpg","Principal","PSUV","","7","Mp. Independencia, Mp. Paz Castillo","Miranda","Oriana Lucia Osio Noblott","",""
"141","Pedro Miguel Carreno Escobar","http://www.asambleanacional.gob.ve/avatares/pedro-miguel-carrenacuteo-escobar-48.jpg","Principal","PSUV","","lista","undefined","Delta Amacuro","undefined","",""
"142","Pedro Maria Eusse Montalvo","http://www.asambleanacional.gob.ve/avatares/pedro-maria-eusse-montalvo-307.jpg","Principal","PSUV","","4","Mp. Araure, Mp. Ospino","Portuguesa","undefined","",""
"143","Erick José Mago Rodríguez","http://www.asambleanacional.gob.ve/avatares/erick-jose-mago-rodriguez-136.jpg","Principal","PSUV","","1","Mp. Andres E Blanco, Mp. Andres Mata, Mp. Bermudez, Mp. Cruz S Acosta, Mp. Ribero","Sucre","undefined","",""
"144","Oscar Ramon Figuera Gonzalez","http://www.asambleanacional.gob.ve/avatares/oscar-ramon-figuera-gonzalez-147.jpg","Principal","PSUV","","lista","undefined","Guárico","Carola Martinez De Rodriguez","",""
"145","Orlando Zambrano Hector","http://www.asambleanacional.gob.ve/avatares/orlando-zambrano-hector-281.jpg","Principal","PSUV","","3","Ce. San Fernando","Apure","Mayrut Desiree Castillo Morillo","",""
"146","Eustoquio Contreras Diaz","http://www.asambleanacional.gob.ve/avatares/eustoquio-contreras-diaz-144.jpg","Principal","PSUV","","1","Mp. Roscio, Mp. Camaguan, Mp. Mellado, Mp. Miranda, Mp. Ortiz, Mp.san Geronimo De G","Guárico","Yosneisy Josefina Paredes Fajardo","",""
"147","Fernando Enrique Orozco Cassiani","http://www.asambleanacional.gob.ve/avatares/fernando-enrique-orozco-cassiani-442.jpg","Principal","PSUV","","lista","undefined","Trujillo","undefined","",""
"148","Germán Darío Ferrer","http://www.asambleanacional.gob.ve/avatares/german-dario-ferrer-97.jpg","Principal","PSUV","","2","Mp. Andres E Blanco, Mp. Crespo, Mp. Jimenez, Mp. Moran, Mp. Torres, Mp. Urdaneta","Lara","Andres Avelino Alvarez Segovia","",""
"149","Haiman El Troudi Douwara","http://www.asambleanacional.gob.ve/avatares/haiman-el-troudi-douwara-118.jpg","Principal","PSUV","","lista","undefined","Miranda","Erika Elena Ortega Sanoja","",""
"150","Haydee Huerfano Castro","http://www.asambleanacional.gob.ve/avatares/haydee-huerfano-castro-271.jpg","Principal","PSUV","","3","Mp. San Felipe, Mp. Manuel Monge, Mp. Nirgua, Mp. Veroes","Yaracuy","Robert José González","",""
"151","Hector Aguero","http://www.asambleanacional.gob.ve/avatares/hector-aguero-78.jpg","Principal","PSUV","","4","Carlos Arvelo Y Los Guayos","Carabobo","Ediht Ofelia Francisco Yepez","",""
"152","Nosliw Andreina Rodriguez Franco","http://www.asambleanacional.gob.ve/avatares/nosliw-andreina-rodriguez-franco-155.jpg","Principal","PSUV","","2","Mp. Girardot, Mp. Lima Blanco, Mp. Pao S J Bautista, Mp. Tinaco, Mp. Tinaquillo","Cojedes","Edgar De Jesús Lucena González","",""
"153","Hugo Armando Carvajal Barrios","http://www.asambleanacional.gob.ve/avatares/hugo-armando-carvajal-barrios-260.jpg","Principal","PSUV","","2","Mp. Acosta, Mp. Aguasay, Mp. Bolivar, Mp. Caripe, Mp. Cede#o, Mp. Ezequiel Zamora, Mp. Piar, Mp. Pun","Monagas","Williams Jose Benavides Rondon","",""
"154","Naybeth Berrios","http://www.asambleanacional.gob.ve/avatares/naybeth-berrios-427.jpg","Principal","PSUV","","lista","undefined","Barinas","undefined","",""
"155","Jaime Ramon Rengifo Blanco","http://www.asambleanacional.gob.ve/avatares/jaime-ramon-rengifo-blanco-126.jpg","Principal","PSUV","","6","Cristobal Rojas, Mp. Lander, Mp. Simon Bolivar, Mp. Urdaneta","Miranda","undefined","",""
"156","Mariana Dayan Lerin Simon","http://www.asambleanacional.gob.ve/avatares/mariana-dayan-lerin-simon-301.jpg","Principal","PSUV","","1","Guanare, Mp. M.jose V De Unda, Mp. Sucre, Mp.genaro Boconoito","Portuguesa","Maria Mercedes Torrealba","",""
"157","Marcos Del Jesús Padovani Figueroa","http://www.asambleanacional.gob.ve/avatares/marcos-del-jesus-padovani-figueroa-137.jpg","Principal","PSUV","","2","Mp. Arismendi, Mp. Benitez, Mp. Cajigal, Mp. Libertador, Mp. Mari#o, Mp. Valdez","Sucre","undefined","",""
"158","Jorge Adrian Perez Jimenez","http://www.asambleanacional.gob.ve/avatares/jorge-adrian-perez-jimenez-154.jpg","Principal","PSUV","","1","Ezequiel Zamora, Mp. Anzoategui, Mp. Ricaurte, Mp. Romulo Gallegos","Cojedes","Xavier Andres Vega Loor","",""
"159","José Luna","http://www.asambleanacional.gob.ve/avatares/jose-luna-355.jpg","Principal","PSUV","","lista","undefined","Mérida","Cesar Eduardo Carrero Aristizabal","",""
"160","Luis Fernando Solteldo","http://www.asambleanacional.gob.ve/avatares/luis-fernando-solteldo-302.jpg","Principal","PSUV","","2","Mp. Esteller, Mp. Guanarito, Mp. Papelon, Mp. Santa Rosalia, Mp. Turen","Portuguesa","Amilcar Alexander Sanoja Chavez","",""
"161","Juan Antonio Arroyo","http://www.asambleanacional.gob.ve/avatares/juan-antonio-arroyo-428.jpg","Principal","PSUV","","lista","undefined","Delta Amacuro","undefined","",""
"162","Juan Jose Marin Laya","http://www.asambleanacional.gob.ve/avatares/juan-jose-marin-laya-145.jpg","Principal","PSUV","","2","Mp. Chaguaramas, Mp. Monagas, Mp. Ribas, Mp. Zaraza, Mp.s Jose De Guaribe","Guárico","Ramon Jose Magallanes Carapa","",""
"163","Julio Rafael Chávez Meléndez","http://www.asambleanacional.gob.ve/avatares/julio-rafael-chavez-melendez-96.jpg","Principal","PSUV","","2","Mp. Andres E Blanco, Mp. Crespo, Mp. Jimenez, Mp. Moran, Mp. Torres, Mp. Urdaneta","Lara","Yamilet Pastora Camacaro Viscaya","",""
"164","Leobardo Cristóbal Jiménez","http://www.asambleanacional.gob.ve/avatares/leobardo-cristobal-jimenez-282.jpg","Principal","PSUV","","lista","undefined","Apure","Emma Díaz","",""
"165","Lucila Pachecho","http://www.asambleanacional.gob.ve/avatares/lucila-pachecho-426.jpg","Principal","PSUV","","lista","undefined","Zulia","undefined","",""
"166","Loengri Jose Matheus Perez","http://www.asambleanacional.gob.ve/avatares/loengri-jose-matheus-perez-39.jpg","Principal","PSUV","","3","Mp. Andres Bello, Mp. Bolivar, Mp. Candelaria, Mp. Carache, Mp. Jose F M Ca#izal, Mp. La Ceiba, Mp.","Trujillo","Lisbeidy Karina Quintero De Briceno","",""
"167","Wilian Pérez","http://www.asambleanacional.gob.ve/avatares/wilian-perez-356.jpg","Principal","PSUV","","3","Mp. Agua Blanca, Mp. Paez, Mp.s Rafael De Onoto","Portuguesa","Elsy Rosa Alvarado Moreno","",""
